Curve|Curve_Ticker|tenor|tenor_ticker|ask_yield|mid_yield|bid_yield|last_update|SECURITY_NAME|YAS_MOD_DUR|YAS_BOND_YLD|Fecha
UVRCOLOMBIA|YCGT0218 Index|1Y|AM346969 Corp|5.934|6.018|6.105|2026-07-31|COLTES 3.3 03/17/27|0.6036691666514522|6.018|2026-07-31
UVRCOLOMBIA|YCGT0218 Index|3Y|BG568749 Corp|5.762|5.829|5.897|2026-07-31|COLTES 2 1/4 04/18/29|2.4982158391993785|5.829|2026-07-31
UVRCOLOMBIA|YCGT0218 Index|5Y|YM421900 Corp|6.408|6.452|6.496|2026-07-31|COLTES 6 1/2 01/22/31|3.6667199561381794|6.452|2026-07-31
UVRCOLOMBIA|YCGT0218 Index|7Y|EJ709496 Corp|6.183|6.233|6.284|2026-07-31|COLTES 3 03/25/33|5.639381800377357|6.233|2026-07-31
UVRCOLOMBIA|YCGT0218 Index|10Y|JV763498 Corp|6.243|6.292|6.34|2026-07-31|COLTES 4 3/4 04/04/35|6.6848850907660236|6.292|2026-07-31
UVRCOLOMBIA|YCGT0218 Index|12Y|AX550497 Corp|6.202|6.263|6.325|2026-07-31|COLTES 3 3/4 02/25/37|8.032653564515178|6.263|2026-07-31
UVRCOLOMBIA|YCGT0218 Index|15Y|YS545300 Corp|6.128|6.185|6.242|2026-07-31|COLTES 5 03/20/41|9.644494464155121|6.185|2026-07-31
UVRCOLOMBIA|YCGT0218 Index|25Y|AR047235 Corp|5.89|5.944|5.998|2026-07-31|COLTES 3 3/4 06/16/49|13.492820222665193|5.944|2026-07-31
UVRCOLOMBIA|YCGT0218 Index|30Y|YS545319 Corp|5.955|5.992|6.029|2026-07-31|COLTES 5 1/4 05/19/55|13.749652395980194|5.992|2026-07-31
UVRCOLOMBIA|YCGT0218 Index|35Y|YM421901 Corp|6.025|6.048|6.07|2026-07-31|COLTES 6 1/2 02/01/62|13.890303138406962|6.048|2026-07-31
IPCABRAZIL|YCGT0372 Index|1Y|BT275444 Corp|8.044|8.067|8.09|2026-07-31|BNTNB 6 05/15/27|0.7063901758667006|8.0881|2026-07-31
IPCABRAZIL|YCGT0372 Index|2Y|AQ692952 Corp|8.463|8.483|8.504|2026-07-31|BNTNB 6 08/15/28|1.7391923434863508|8.5237|2026-07-31
IPCABRAZIL|YCGT0372 Index|3Y|ZF160502 Corp|8.225|8.248|8.272|2026-07-31|BNTNB 6 05/15/29|2.3484959731893467|8.2925|2026-07-31
IPCABRAZIL|YCGT0372 Index|4Y|EI143592 Corp|8.29|8.303|8.315|2026-07-31|BNTNB 6 08/15/30|3.2272520709522765|8.3475|2026-07-31
IPCABRAZIL|YCGT0372 Index|5Y|DC502482 Corp|8.28|8.295|8.31|2026-07-31|BNTNB 6 05/15/31|3.7996828746936133|8.3249|2026-07-31
IPCABRAZIL|YCGT0372 Index|7Y|ZM026356 Corp|8.26|8.275|8.29|2026-07-31|BNTNB 6 05/15/33|5.077759082251568|8.295|2026-07-31
IPCABRAZIL|YCGT0372 Index|8Y|EF323775 Corp|8.15|8.175|8.2|2026-07-31|BNTNB 6 05/15/35|6.169756274761209|8.2475|2026-07-31
IPCABRAZIL|YCGT0372 Index|10Y|DC502691 Corp|7.995|8.022|8.05|2026-07-31|BNTNB 6 05/15/37|7.14234124340931|8.0749|2026-07-31
IPCABRAZIL|YCGT0372 Index|15Y|EI143596 Corp|7.87|7.9|7.93|2026-07-31|BNTNB 6 08/15/40|8.301349284138558|7.9249|2026-07-31
IPCABRAZIL|YCGT0372 Index|20Y|ED575776 Corp|7.71|7.73|7.75|2026-07-31|BNTNB 6 05/15/45|9.886016582616467|7.7399000000000004|2026-07-31
IPCABRAZIL|YCGT0372 Index|25Y|EI143600 Corp|7.68|7.695|7.71|2026-07-31|BNTNB 6 08/15/50|10.695440240410688|7.7599|2026-07-31
IPCABRAZIL|YCGT0372 Index|30Y|EK697111 Corp|7.58|7.605|7.63|2026-07-31|BNTNB 6 05/15/55|11.592408745087925|7.6299|2026-07-31
IPCABRAZIL|YCGT0372 Index|35Y|BT275588 Corp|7.59|7.61|7.63|2026-07-31|BNTNB 6 08/15/60|11.770625550344098|7.6699|2026-07-31
CDIBRAZIL|YCSW0089 Index|3D|BZDIOVRA Index|14.15|14.15|14.15||Brazil DI- Over CDI-Ove/Yr|||2026-07-31
CDIBRAZIL|YCSW0089 Index|1M|ODU26 Comdty|13.957|13.957|13.957||ONE-DAY BANK DEP  Sep26|||2026-07-31
CDIBRAZIL|YCSW0089 Index|2M|ODV26 Comdty|13.895|13.895|13.895||ONE-DAY BANK DEP  Oct26|||2026-07-31
CDIBRAZIL|YCSW0089 Index|3M|ODX26 Comdty|13.84|13.84|13.84||ONE-DAY BANK DEP  Nov26|||2026-07-31
CDIBRAZIL|YCSW0089 Index|4M|ODZ26 Comdty|13.81|13.81|13.81||ONE-DAY BANK DEP  Dec26|||2026-07-31
CDIBRAZIL|YCSW0089 Index|5M|ODF27 Comdty|13.798|13.798|13.798||ONE-DAY BANK DEP  Jan27|||2026-07-31
CDIBRAZIL|YCSW0089 Index|6M|ODG27 Comdty|13.807|13.807|13.807||ONE-DAY BANK DEP  Feb27|||2026-07-31
CDIBRAZIL|YCSW0089 Index|7M|ODH27 Comdty|13.816|13.816|13.816||ONE-DAY BANK DEP  Mar27|||2026-07-31
CDIBRAZIL|YCSW0089 Index|8M|ODJ27 Comdty|13.821|13.821|13.821||ONE-DAY BANK DEP  Apr27|||2026-07-31
CDIBRAZIL|YCSW0089 Index|9M|ODK27 Comdty|13.825|13.825|13.825||ONE-DAY BANK DEP  May27|||2026-07-31
CDIBRAZIL|YCSW0089 Index|10M|ODM27 Comdty|13.832|13.832|13.832||ONE-DAY BANK DEP  Jun27|||2026-07-31
CDIBRAZIL|YCSW0089 Index|11M|ODN27 Comdty|13.843|13.843|13.843||ONE-DAY BANK DEP  Jul27|||2026-07-31
CDIBRAZIL|YCSW0089 Index|1Y|ODQ27 Comdty|13.844|13.844|13.844||ONE-DAY BANK DEP  Aug27|||2026-07-31
CDIBRAZIL|YCSW0089 Index|15M|ODX27 Comdty|13.856|13.856|13.856||ONE-DAY BANK DEP  Nov27|||2026-07-31
CDIBRAZIL|YCSW0089 Index|18M|ODJ28 Comdty|13.906|13.906|13.906||ONE-DAY BANK DEP  Apr28|||2026-07-31
CDIBRAZIL|YCSW0089 Index|21M|ODN28 Comdty|13.974|13.974|13.974||ONE-DAY BANK DEP  Jul28|||2026-07-31
CDIBRAZIL|YCSW0089 Index|2Y|ODV28 Comdty|14.051|14.051|14.051||ONE-DAY BANK DEP  Oct28|||2026-07-31
CDIBRAZIL|YCSW0089 Index|27M|ODX28 Comdty|14.068|14.068|14.068||ONE-DAY BANK DEP  Nov28|||2026-07-31
CDIBRAZIL|YCSW0089 Index|30M|ODJ29 Comdty|14.16|14.16|14.16||ONE-DAY BANK DEP  Apr29|||2026-07-31
CDIBRAZIL|YCSW0089 Index|33M|ODN29 Comdty|14.212|14.212|14.212||ONE-DAY BANK DEP  Jul29|||2026-07-31
CDIBRAZIL|YCSW0089 Index|3Y|ODV29 Comdty|14.245|14.245|14.245||ONE-DAY BANK DEP  Oct29|||2026-07-31
CDIBRAZIL|YCSW0089 Index|39M|ODX29 Comdty|14.248|14.248|14.248||ONE-DAY BANK DEP  Nov29|||2026-07-31
CDIBRAZIL|YCSW0089 Index|42M|ODJ30 Comdty|14.292|14.292|14.292||ONE-DAY BANK DEP  Apr30|||2026-07-31
CDIBRAZIL|YCSW0089 Index|45M|ODN30 Comdty|14.329|14.329|14.329||ONE-DAY BANK DEP  Jul30|||2026-07-31
CDIBRAZIL|YCSW0089 Index|4Y|ODV30 Comdty|14.353|14.353|14.353||ONE-DAY BANK DEP  Oct30|||2026-07-31
CDIBRAZIL|YCSW0089 Index|51M|ODF31 Comdty|14.382|14.382|14.382||ONE-DAY BANK DEP  Jan31|||2026-07-31
CDIBRAZIL|YCSW0089 Index|54M|ODJ31 Comdty|14.397|14.397|14.397||ONE-DAY BANK DEP  Apr31|||2026-07-31
CDIBRAZIL|YCSW0089 Index|57M|ODN31 Comdty|14.427|14.427|14.427||ONE-DAY BANK DEP  Jul31|||2026-07-31
CDIBRAZIL|YCSW0089 Index|5Y|ODV31 Comdty|14.454|14.454|14.454||ONE-DAY BANK DEP  Oct31|||2026-07-31
CDIBRAZIL|YCSW0089 Index|66M|ODF32 Comdty|14.495|14.495|14.495||ONE-DAY BANK DEP  Jan32|||2026-07-31
CDIBRAZIL|YCSW0089 Index|78M|ODF33 Comdty|14.573|14.573|14.573||ONE-DAY BANK DEP  Jan33|||2026-07-31
CDIBRAZIL|YCSW0089 Index|90M|ODF34 Comdty|14.611|14.611|14.611||ONE-DAY BANK DEP  Jan34|||2026-07-31
CDIBRAZIL|YCSW0089 Index|8Y|ODF35 Comdty|14.646|14.646|14.646||ONE-DAY BANK DEP  Jan35|||2026-07-31
CDIBRAZIL|YCSW0089 Index|9Y|ODF36 Comdty|14.656|14.656|14.656||ONE-DAY BANK DEP  Jan36|||2026-07-31
CDIBRAZIL|YCSW0089 Index|10Y|ODF37 Comdty|14.695|14.695|14.695||ONE-DAY BANK DEP  Jan37|||2026-07-31
CDIBRAZIL|YCSW0089 Index|11Y|ODF38 Comdty|14.665|14.665|14.665||ONE-DAY BANK DEP  Jan38|||2026-07-31
CDIBRAZIL|YCSW0089 Index|12Y|ODF39 Comdty|14.635|14.635|14.635||ONE-DAY BANK DEP  Jan39|||2026-07-31
MXNTIIEMXN|YCSW0583 Index|1M|MPSWFA BGN Curncy|6.55|6.53|6.51||MEXICAN PESO SWAP|||2026-07-31
MXNTIIEMXN|YCSW0583 Index|2M|MPSWFB BGN Curncy|6.55|6.53|6.51||MEXICAN PESO SWAP|||2026-07-31
MXNTIIEMXN|YCSW0583 Index|3M|MPSWFC BGN Curncy|6.55|6.53|6.51||MEXICAN PESO SWAP|||2026-07-31
MXNTIIEMXN|YCSW0583 Index|6M|MPSWFF BGN Curncy|6.598|6.58|6.562||MEXICAN PESO SWAP|||2026-07-31
MXNTIIEMXN|YCSW0583 Index|9M|MPSWFI BGN Curncy|6.653|6.635|6.617||MEXICAN PESO SWAP|||2026-07-31
MXNTIIEMXN|YCSW0583 Index|1Y|MPSWF1A BGN Curncy|6.753|6.735|6.717||MEXICAN PESO SWAP|||2026-07-31
MXNTIIEMXN|YCSW0583 Index|2Y|MPSWF2B BGN Curncy|7.143|7.13|7.117||MEXICAN PESO SWAP|||2026-07-31
MXNTIIEMXN|YCSW0583 Index|3Y|MPSWF3C BGN Curncy|7.432|7.42|7.408||MEXICAN PESO SWAP|||2026-07-31
MXNTIIEMXN|YCSW0583 Index|4Y|MPSWF4D BGN Curncy|7.657|7.645|7.633||MEXICAN PESO SWAP|||2026-07-31
MXNTIIEMXN|YCSW0583 Index|5Y|MPSWF5E BGN Curncy|7.812|7.8|7.788||MEXICAN PESO SWAP|||2026-07-31
MXNTIIEMXN|YCSW0583 Index|7Y|MPSWF7G BGN Curncy|8.052|8.04|8.028||MEXICAN PESO SWAP|||2026-07-31
MXNTIIEMXN|YCSW0583 Index|10Y|MPSWF10J BGN Curncy|8.307|8.295|8.283||MEXICAN PESO SWAP|||2026-07-31
MXNTIIEMXN|YCSW0583 Index|15Y|MPSWF16C BGN Curncy|8.538|8.525|8.512||MEXICAN PESO SWAP|||2026-07-31
MXNTIIEMXN|YCSW0583 Index|20Y|MPSWF21H BGN Curncy|8.623|8.61|8.597||MEXICAN PESO SWAP|||2026-07-31
MXNTIIEMXN|YCSW0583 Index|30Y|MPSWF32F BGN Curncy|8.628|8.615|8.602||MEXICAN PESO SWAP|||2026-07-31
UDIMEXICO|YCGT0695 Index|2Y|AN123678 Corp|3.617|3.65|3.683|2026-07-31|MUDI 4 11/30/28|2.2291911604580252|3.6896079999999998|2026-07-31
UDIMEXICO|YCGT0695 Index|3Y|YQ378814 Corp|4.02|4.035|4.049|2026-07-31|MUDI 4 08/30/29|2.8632323971937845|4.110716|2026-07-31
UDIMEXICO|YCGT0695 Index|5Y|BN840438 Corp|4.404|4.426|4.448|2026-07-31|MUDI 2 3/4 11/27/31|4.903421024553295|4.495924|2026-07-31
UDIMEXICO|YCGT0695 Index|8Y|ZD773487 Corp|4.55|4.584|4.618|2026-07-31|MUDI 4 08/24/34|6.749455299621835|4.659967|2026-07-31
UDIMEXICO|YCGT0695 Index|10Y|EF227125 Corp|4.546|4.585|4.623|2026-07-31|MUDI 4 1/2 11/22/35|7.554523520100968|4.650812|2026-07-31
UDIMEXICO|YCGT0695 Index|15Y|EI199440 Corp|4.63|4.658|4.686|2026-07-31|MUDI 4 11/15/40|10.655021387465181|4.718173|2026-07-31
UDIMEXICO|YCGT0695 Index|20Y|DL185909 Corp|4.629|4.653|4.678|2026-07-31|MUDI 4 08/01/47|13.542821229033622|4.726938|2026-07-31
UDIMEXICO|YCGT0695 Index|25Y|AZ960515 Corp|4.598|4.619|4.64|2026-07-31|MUDI 4 11/03/50|14.914286059420471|4.667739|2026-07-31
UDIMEXICO|YCGT0695 Index|30Y|YI021847 Corp|4.559|4.575|4.591|2026-07-31|MUDI 4 10/11/57|16.92772673975026|4.594305|2026-07-31
VACPERU|YCGT0521 Index|1M|CUSR0 Index|1.715|1.715|1.715||Real Sol Curve to 0 Day|||2026-07-31
VACPERU|YCGT0521 Index|3M|CUSR90 Index|1.398|1.398|1.398||Real Sol Curve to 90 Day|||2026-07-31
VACPERU|YCGT0521 Index|6M|CUSR180 Index|1.244|1.244|1.244||Real Sol Curve to 180 Day|||2026-07-31
VACPERU|YCGT0521 Index|1Y|CUSR360 Index|1.194|1.194|1.194||Real Sol Curve to 360 Day|||2026-07-31
VACPERU|YCGT0521 Index|2Y|CUSR720 Index|1.468|1.468|1.468||Real Sol Curve to 720 Day|||2026-07-31
VACPERU|YCGT0521 Index|3Y|CUSR1080 Index|1.84|1.84|1.84||Real Sol Curve to 1080 Day|||2026-07-31
VACPERU|YCGT0521 Index|4Y|CUSR1440 Index|2.198|2.198|2.198||Real Sol Curve to 1440 Day|||2026-07-31
VACPERU|YCGT0521 Index|5Y|CUSR1800 Index|2.521|2.521|2.521||Real Sol Curve to 1800 Day|||2026-07-31
VACPERU|YCGT0521 Index|6Y|CUSR2160 Index|2.805|2.805|2.805||Real Sol Curve to 2160 Day|||2026-07-31
VACPERU|YCGT0521 Index|7Y|CUSR2520 Index|3.051|3.051|3.051||Real Sol Curve to 2520 Day|||2026-07-31
VACPERU|YCGT0521 Index|8Y|CUSR2880 Index|3.263|3.263|3.263||Real Sol Curve to 2880 Day|||2026-07-31
VACPERU|YCGT0521 Index|9Y|CUSR3240 Index|3.442|3.442|3.442||Real Sol Curve to 3240 Day|||2026-07-31
VACPERU|YCGT0521 Index|10Y|CUSR3600 Index|3.593|3.593|3.593||Real Sol Curve to 3600 Day|||2026-07-31
VACPERU|YCGT0521 Index|15Y|CUSR5400 Index|4.007|4.007|4.007||Real Sol Curve to 5400 Day|||2026-07-31
VACPERU|YCGT0521 Index|20Y|CUSR7200 Index|4.051|4.051|4.051||Real Sol Curve to 7200 Day|||2026-07-31
VACPERU|YCGT0521 Index|25Y|CUSR9000 Index|3.904|3.904|3.904||Real Sol Curve to 9000 Day|||2026-07-31
VACPERU|YCGT0521 Index|30Y|CUSRV108 Index|3.671|3.671|3.671||Real Sol Curve to 10800 Day|||2026-07-31
VACPERU|YCGT0521 Index|35Y|CUSRV126 Index|-2.4245362661989844e-14||-2.4245362661989844e-14||Real Sol Curve to 12600 Day|||2026-07-31
UIURUGUAY|YCGT0747 Index|1Y|BT560182 Corp|2.02|2.161|2.301||UNT 1 1/8 01/19/27|||2026-07-31
UIURUGUAY|YCGT0747 Index|3Y|ZM487986 Corp|1.844|2.063|2.284||UNT 3 1/4 01/18/29|||2026-07-31
UIURUGUAY|YCGT0747 Index|5Y|AR417574 Corp|2.232|2.36|2.489||UNT 2.9 07/24/30|||2026-07-31
UIURUGUAY|YCGT0747 Index|9Y|BR171480 Corp|2.524|2.711|2.901|2026-07-31|UNT 2 1/2 08/24/34|6.352242540088471|2.711359|2026-07-31
UIURUGUAY|YCGT0747 Index|10Y|ZD337602 Corp|2.564|2.619|2.674|2026-07-31|UNT 3 1/8 02/28/36|7.415710561945807|2.6185929999999997|2026-07-31
BTUCHILE|YCGT0362 Index|1Y|EG316046 Corp|-2.4245362661989844e-14||1.6||BTUCL 3 03/01/27|||2026-07-31
BTUCHILE|YCGT0362 Index|2Y|EH285212 Corp|1.572|1.604|1.635|2026-07-31|BTUCL 3 03/01/28|1.5174934374744256|1.6837|2026-07-31
BTUCHILE|YCGT0362 Index|3Y|BO811805 Corp|1.95|2.1|2.1|2026-07-30|BTUCL 0 10/01/28|2.0609887701427554|2.02|2026-07-31
BTUCHILE|YCGT0362 Index|4Y|EI129762 Corp|2.049|2.068|2.088|2026-07-31|BTUCL 3 01/01/30|3.2070995239310602|2.1355|2026-07-31
BTUCHILE|YCGT0362 Index|5Y|YI344049 Corp|2.35|2.38|2.4|2026-07-29|BTUCL 2.3 07/15/31|4.600854897120693|2.38|2026-07-31
BTUCHILE|YCGT0362 Index|6Y|EJ041167 Corp|2.127|2.155|2.183|2026-07-31|BTUCL 3 01/01/32|4.938558840172727|2.1646|2026-07-31
BTUCHILE|YCGT0362 Index|8Y|AF168347 Corp|2.57|2.65|2.6|2026-07-30|BTUCL 2 03/01/35|7.64935554888735|2.6|2026-07-31
BTUCHILE|YCGT0362 Index|10Y|DM523801 Corp|2.65|2.66|2.7|2026-07-26|BTUCL 2 1/2 11/15/37|9.74027190582375|2.6615|2026-07-31
BTUCHILE|YCGT0362 Index|15Y|EI129770 Corp|2.583|2.61|2.637|2026-07-31|BTUCL 3 01/01/40|10.899742427704195|2.6304|2026-07-31
BTUCHILE|YCGT0362 Index|20Y|EK274846 Corp|2.72|2.725|2.85|2026-07-31|BTUCL 3 01/01/44|13.393778591376108|2.725|2026-07-31
BTUCHILE|YCGT0362 Index|30Y|YW472873 Corp|2.8|2.78|2.8|2026-07-29|BTUCL 2.8 11/01/55|19.537085270416064|2.7800000000000002|2026-07-31
BONCERARG|YCGT0822 Index|3M|DG577079 Corp|3.301|4.17|5.047|2026-07-31|LECER 0 09/30/26|0.16229385591887194|2.975733|2026-07-31
BONCERARG|YCGT0822 Index|6M|ZD666039 Corp|3.837|4.044|4.25|2026-07-31|BONCER 0 12/15/26|0.361609954148529|3.7976039999999998|2026-07-31
BONCERARG|YCGT0822 Index|9M|YX141034 Corp|4.654|4.86|5.067|2026-07-31|BONCER 0 03/31/27|0.6372168321108445|4.478318|2026-07-31
BONCERARG|YCGT0822 Index|1Y|ZF705836 Corp|4.687|4.756|4.825|2026-07-31|BONCER 0 06/30/27|0.8765704828803162|4.391891|2026-07-31
BONCERARG|YCGT0822 Index|18M|DH449438 Corp|6.498|6.55|6.602|2026-07-31|BONCER 0 09/30/27|1.098077510130722|6.287879|2026-07-31
BONCERARG|YCGT0822 Index|2Y|ZF706042 Corp|8.373|8.414|8.455|2026-07-31|BONCER 0 06/30/28|1.7706983757487866|8.308014|2026-07-31
BONCERARG|YCGT0822 Index|30M|DH449448 Corp|8.397|8.506|8.614|2026-07-31|BONCER 0 09/29/28|1.9997112295974542|8.371814|2026-07-31
BONCERARG|YCGT0822 Index|3Y|DH653115 Corp|8.442|8.542|8.642|2026-07-31|BONCER 0 03/28/29|2.4504538163707186|8.562505|2026-07-31
USDSOFR|YCSW0490 Index|1W|USOSFR1Z BGN Curncy|3.655|3.645|3.636|||||2026-07-31
USDSOFR|YCSW0490 Index|2W|USOSFR2Z BGN Curncy|3.658|3.649|3.639||US DOLLAR|||2026-07-31
USDSOFR|YCSW0490 Index|3W|USOSFR3Z BGN Curncy|3.653|3.644|3.635||US DOLLAR|||2026-07-31
USDSOFR|YCSW0490 Index|1M|USOSFRA BGN Curncy|3.654|3.649|3.643||US DOLLAR/US DOLLAR US DOLLAR|||2026-07-31
USDSOFR|YCSW0490 Index|2M|USOSFRB BGN Curncy|3.713|3.709|3.706||US DOLLAR/US DOLLAR US DOLLAR|||2026-07-31
USDSOFR|YCSW0490 Index|3M|USOSFRC BGN Curncy|3.768|3.765|3.762||US DOLLAR/US DOLLAR US DOLLAR|||2026-07-31
USDSOFR|YCSW0490 Index|4M|USOSFRD BGN Curncy|3.814|3.811|3.808||US DOLLAR/US DOLLAR US DOLLAR|||2026-07-31
USDSOFR|YCSW0490 Index|5M|USOSFRE BGN Curncy|3.87|3.867|3.864||US DOLLAR/US DOLLAR US DOLLAR|||2026-07-31
USDSOFR|YCSW0490 Index|6M|USOSFRF BGN Curncy|3.911|3.908|3.906||US DOLLAR/US DOLLAR US DOLLAR|||2026-07-31
USDSOFR|YCSW0490 Index|7M|USOSFRG BGN Curncy|3.945|3.943|3.94||US DOLLAR/US DOLLAR US DOLLAR|||2026-07-31
USDSOFR|YCSW0490 Index|8M|USOSFRH BGN Curncy|3.983|3.98|3.977||US DOLLAR/US DOLLAR US DOLLAR|||2026-07-31
USDSOFR|YCSW0490 Index|9M|USOSFRI BGN Curncy|4.015|4.012|4.009||US DOLLAR/US DOLLAR US DOLLAR|||2026-07-31
USDSOFR|YCSW0490 Index|10M|USOSFRJ BGN Curncy|4.047|4.044|4.041||US DOLLAR/US DOLLAR US DOLLAR|||2026-07-31
USDSOFR|YCSW0490 Index|11M|USOSFRK BGN Curncy|4.076|4.074|4.071||US DOLLAR/US DOLLAR US DOLLAR|||2026-07-31
USDSOFR|YCSW0490 Index|12M|USOSFR1 BGN Curncy|4.1|4.097|4.094||US DOLLAR/US DOLLAR US DOLLAR|||2026-07-31
USDSOFR|YCSW0490 Index|18M|USOSFR1F BGN Curncy|4.134|4.132|4.129||US DOLLAR|||2026-07-31
USDSOFR|YCSW0490 Index|2Y|USOSFR2 BGN Curncy|4.153|4.15|4.148||US DOLLAR/US DOLLAR US DOLLAR|||2026-07-31
USDSOFR|YCSW0490 Index|3Y|USOSFR3 BGN Curncy|4.152|4.15|4.147||US DOLLAR/US DOLLAR US DOLLAR|||2026-07-31
USDSOFR|YCSW0490 Index|4Y|USOSFR4 BGN Curncy|4.155|4.152|4.149||US DOLLAR/US DOLLAR US DOLLAR|||2026-07-31
USDSOFR|YCSW0490 Index|5Y|USOSFR5 BGN Curncy|4.171|4.168|4.164||US DOLLAR/US DOLLAR US DOLLAR|||2026-07-31
USDSOFR|YCSW0490 Index|6Y|USOSFR6 BGN Curncy|4.197|4.193|4.19||US DOLLAR/US DOLLAR US DOLLAR|||2026-07-31
USDSOFR|YCSW0490 Index|7Y|USOSFR7 BGN Curncy|4.226|4.223|4.22||US DOLLAR/US DOLLAR US DOLLAR|||2026-07-31
USDSOFR|YCSW0490 Index|8Y|USOSFR8 BGN Curncy|4.257|4.253|4.25||US DOLLAR/US DOLLAR US DOLLAR|||2026-07-31
USDSOFR|YCSW0490 Index|9Y|USOSFR9 BGN Curncy|4.29|4.287|4.283||US DOLLAR/US DOLLAR US DOLLAR|||2026-07-31
USDSOFR|YCSW0490 Index|10Y|USOSFR10 BGN Curncy|4.324|4.321|4.318||US DOLLAR|||2026-07-31
USDSOFR|YCSW0490 Index|12Y|USOSFR12 BGN Curncy|4.395|4.392|4.388||US DOLLAR|||2026-07-31
USDSOFR|YCSW0490 Index|15Y|USOSFR15 BGN Curncy|4.487|4.483|4.479||US DOLLAR|||2026-07-31
USDSOFR|YCSW0490 Index|20Y|USOSFR20 BGN Curncy|4.562|4.558|4.554||US DOLLAR|||2026-07-31
USDSOFR|YCSW0490 Index|25Y|USOSFR25 BGN Curncy|4.559|4.555|4.551||US DOLLAR|||2026-07-31
USDSOFR|YCSW0490 Index|30Y|USOSFR30 BGN Curncy|4.52|4.516|4.512||US DOLLAR|||2026-07-31
USDSOFR|YCSW0490 Index|40Y|USOSFR40 BGN Curncy|4.405|4.397|4.389||US DOLLAR|||2026-07-31
USDSOFR|YCSW0490 Index|50Y|USOSFR50 BGN Curncy|4.272|4.262|4.252||US DOLLAR|||2026-07-31
