Des|TPM_Index|Category|TPM|last_update|Fecha
LCBRAZIL|S0089FC 1Y1D BCAL Curncy|1Y|13.9211|2026-07-31|2026-07-31
LCBRAZIL|S0089FC 2Y1D BCAL Curncy|2Y|15.0331|2026-07-31|2026-07-31
LCBRAZIL|S0089FC 3M1D BCAL Curncy|3M|13.7772|2026-07-31|2026-07-31
LCBRAZIL|S0089FC 3Y1D BCAL Curncy|3Y|14.0065|2026-07-31|2026-07-31
LCBRAZIL|S0089FC 6M1D BCAL Curncy|6M|13.9219|2026-07-31|2026-07-31
LCBRAZIL|BZSTSETA Index|Spot|14.25|2026-07-31|2026-07-31
LCCHILE|S0193FC 1Y1D BCAL Curncy|1Y|4.7898|2026-07-31|2026-07-31
LCCHILE|S0193FC 2Y1D BCAL Curncy|2Y|5.1221|2026-07-31|2026-07-31
LCCHILE|S0193FC 3M1D BCAL Curncy|3M|4.604|2026-07-31|2026-07-31
LCCHILE|S0193FC 3Y1D BCAL Curncy|3Y|5.2836|2026-07-31|2026-07-31
LCCHILE|S0193FC 6M1D BCAL Curncy|6M|4.6569|2026-07-31|2026-07-31
LCCHILE|CHOVCHOV Index|Spot|4.5|2026-07-31|2026-07-31
LCCOLOMBIA|S0329FC 1Y1D BCAL Curncy|1Y|11.8034|2026-07-31|2026-07-31
LCCOLOMBIA|S0329FC 2Y1D BCAL Curncy|2Y|11.6609|2026-07-31|2026-07-31
LCCOLOMBIA|S0329FC 3M1D BCAL Curncy|3M|12.5473|2026-07-31|2026-07-31
LCCOLOMBIA|S0329FC 3Y1D BCAL Curncy|3Y|10.1288|2026-07-31|2026-07-31
LCCOLOMBIA|S0329FC 6M1D BCAL Curncy|6M|12.6187|2026-07-31|2026-07-31
LCCOLOMBIA|CORRRMIN Index|Spot|12.0|2026-07-31|2026-07-31
LCMEXICO|S0583FC 1Y1D BCAL Curncy|1Y|7.2064|2026-07-31|2026-07-31
LCMEXICO|S0583FC 2Y1D BCAL Curncy|2Y|7.9591|2026-07-31|2026-07-31
LCMEXICO|S0583FC 3M1D BCAL Curncy|3M|6.6236|2026-07-31|2026-07-31
LCMEXICO|S0583FC 3Y1D BCAL Curncy|3Y|8.3768|2026-07-31|2026-07-31
LCMEXICO|S0583FC 6M1D BCAL Curncy|6M|6.7682|2026-07-31|2026-07-31
LCMEXICO|MXONBR Index|Spot|6.5|2026-07-31|2026-07-31
LCPERU|PSNI12M BGN Curncy|1Y|5.5694|2026-07-31|2026-07-31
LCPERU|PSNI2Y BGN Curncy|2Y|5.5427|2026-07-31|2026-07-31
LCPERU|PSNI3M BGN Curncy|3M|5.3123|2026-07-31|2026-07-31
LCPERU|PSNI3Y BGN Curncy|3Y|5.5174|2026-07-31|2026-07-31
LCPERU|PSNI6M BGN Curncy|6M|5.4799|2026-07-31|2026-07-31
LCPERU|PRRRONUS Index|Spot|4.25|2026-07-31|2026-07-31
LCURUGUAY|URDAMPR Index|Spot|5.75|2026-07-31|2026-07-31
USDUNITEDSTATES|S0490FC 1Y1D BCAL Curncy|1Y|4.1741|2026-07-31|2026-07-31
USDUNITEDSTATES|S0490FC 2Y1D BCAL Curncy|2Y|4.0352|2026-07-31|2026-07-31
USDUNITEDSTATES|S0490FC 3M1D BCAL Curncy|3M|3.8471|2026-07-31|2026-07-31
USDUNITEDSTATES|S0490FC 3Y1D BCAL Curncy|3Y|4.0389|2026-07-31|2026-07-31
USDUNITEDSTATES|S0490FC 6M1D BCAL Curncy|6M|4.0296|2026-07-31|2026-07-31
USDUNITEDSTATES|FDTR Index|Spot|3.75|2026-07-31|2026-07-31
