ID,ID_Fund,BalanceSheet,Investment_Type_Code,Issuer_Type_Code,Issue_Type_Code,Coupon_Type_Code,Rank_Code,Cash_Type_Code,Bank_Debt_Type_Code,Fund_Type_Code,Emision_nacional,Bucket,Ficha_FI,FX_Exposure,Comentario,Origen_Migracion,Vigente_Desde,Vigente_Hasta
1,,Asset,1,,,,,0,,0,,,Loans/CLN,,,BD_BalanceSheet.Investment_Type_Ficha_FI,,
2,,Asset,1,,,,,0,0,0,,Fixed Income,,,,BD_BalanceSheet.Investment_Type_CarteraFI,,
3,,Asset,1,,3,,,0,,0,,,Bonds,,,BD_BalanceSheet.Investment_Type_Ficha_FI,,
4,,Asset,1,,4,,,0,,0,,,Deposit,,,BD_BalanceSheet.Investment_Type_Ficha_FI,,
5,,Asset,1,,5,,,0,,0,,,Invoices,,,BD_BalanceSheet.Investment_Type_Ficha_FI,,
6,,Asset,1,,6,,,0,,0,,,Financial Bill,,,BD_BalanceSheet.Investment_Type_Ficha_FI,,
7,,Asset,1,,7,,,0,,0,,,Covenant,,,BD_BalanceSheet.Investment_Type_Ficha_FI,,
8,,Asset,1,,10,,,0,,0,,,Private Investment Fund,,,BD_BalanceSheet.Investment_Type_Ficha_FI,,
9,,Asset,1,,11,,,0,,0,,,CDO,,,BD_BalanceSheet.Investment_Type_Ficha_FI,,
10,,Asset,1,,12,,,0,,0,,,Other Assets,,,BD_BalanceSheet.Investment_Type_Ficha_FI,,
11,,Asset,1,,12,,,0,0,0,,"Cash, Mutual Funds & Others",,,,BD_BalanceSheet.Investment_Type_CarteraFI,,
12,,Asset,1,,13,,,0,,0,,,Leasing,,,BD_BalanceSheet.Investment_Type_Ficha_FI,,
13,,Asset,1,,14,,,0,,0,,,EM Mortgages,,,BD_BalanceSheet.Investment_Type_Ficha_FI,,
14,,Asset,2,,0,,,0,,0,,,Other Assets,,,BD_BalanceSheet.Investment_Type_Ficha_FI,,
15,,Asset,2,,0,,,0,0,0,,Equity,,,,BD_BalanceSheet.Investment_Type_CarteraFI,,
16,,Asset,3,,0,,,,,0,,,Other Assets,,,BD_BalanceSheet.Investment_Type_Ficha_FI,,
17,,Asset,3,,0,,,1,0,0,,Restricted Cash,,,,BD_BalanceSheet.Investment_Type_CarteraFI,,
18,,Asset,3,,0,,,2,0,0,,"Cash, Mutual Funds & Others",,,,BD_BalanceSheet.Investment_Type_CarteraFI,,
19,,Asset,3,,0,,,3,0,0,,Restricted Cash (Deriv.),,,,BD_BalanceSheet.Investment_Type_CarteraFI,,
20,,Asset,3,,0,,,4,0,0,,Restricted Cash (REPO),,,,BD_BalanceSheet.Investment_Type_CarteraFI,,
21,,Asset,4,,0,,,0,,0,,,Net Receivables/Payables,,,BD_BalanceSheet.Investment_Type_Ficha_FI,,
22,,Asset,4,,0,,,0,0,0,,Receivable,,,,BD_BalanceSheet.Investment_Type_CarteraFI,,
23,,Asset,5,,0,,,0,,0,,"Cash, Mutual Funds & Others",Other Assets,,,BD_BalanceSheet.Investment_Type_CarteraFI,,
24,,Asset,6,,0,,,0,,,,,Other Assets,,,BD_BalanceSheet.Investment_Type_Ficha_FI,,
25,,Asset,6,,0,,,0,,1,,,Private Investment Fund,,,BD_BalanceSheet.Investment_Type_Ficha_FI,,
26,,Asset,6,,0,,,0,0,,,Equity,,,,BD_BalanceSheet.Investment_Type_CarteraFI,,
27,,Asset,6,,0,,,0,0,1,,Fixed Income,,,,BD_BalanceSheet.Investment_Type_CarteraFI,,
28,,Asset,6,,0,,,0,0,7,,"Cash, Mutual Funds & Others",,,,BD_BalanceSheet.Investment_Type_CarteraFI,,
29,,Asset,7,,0,,,0,,0,,,Net Receivables/Payables,,,BD_BalanceSheet.Investment_Type_Ficha_FI,,
30,,Asset,7,,0,,,0,0,0,,MTM (+),,,,BD_BalanceSheet.Investment_Type_CarteraFI,,
31,,Liability,1,,,,,0,,0,,,Short Positions,,,BD_BalanceSheet.Investment_Type_Ficha_FI,,
32,,Liability,1,,,,,0,0,0,,Fixed Income Short,,,,BD_BalanceSheet.Investment_Type_CarteraFI,,
33,,Liability,1,,12,,,0,,0,,,Financial Debt,,,BD_BalanceSheet.Investment_Type_Ficha_FI,,
34,,Liability,1,,12,,,0,0,0,,Financial Debt,,,,BD_BalanceSheet.Investment_Type_CarteraFI,,
35,,Liability,2,,0,,,0,,0,,,Short Positions,,,BD_BalanceSheet.Investment_Type_Ficha_FI,,
36,,Liability,2,,0,,,0,0,0,,Equity Short,,,,BD_BalanceSheet.Investment_Type_CarteraFI,,
37,,Liability,3,,0,,,,,0,,,Financial Debt,,,BD_BalanceSheet.Investment_Type_Ficha_FI,,
38,,Liability,3,,0,,,,0,0,,Financial Debt,,,,BD_BalanceSheet.Investment_Type_CarteraFI,,
39,,Liability,3,,0,,,3,,0,,,Net Receivables/Payables,,,BD_BalanceSheet.Investment_Type_Ficha_FI,,
40,,Liability,3,,0,,,3,0,0,,Collateral Payable,,,,BD_BalanceSheet.Investment_Type_CarteraFI,,
41,,Liability,4,,0,,,0,,0,,,Net Receivables/Payables,,,BD_BalanceSheet.Investment_Type_Ficha_FI,,
42,,Liability,4,,0,,,0,0,0,,Payable,,,,BD_BalanceSheet.Investment_Type_CarteraFI,,
43,,Liability,5,,0,,,0,,0,,Financial Debt,Financial Debt,,,BD_BalanceSheet.Investment_Type_CarteraFI,,
44,,Liability,5,,0,,,0,1,0,,Repo,,,,BD_BalanceSheet.Investment_Type_CarteraFI,,
45,,Liability,6,,0,,,0,,,,,Short Positions,,,BD_BalanceSheet.Investment_Type_Ficha_FI,,
46,,Liability,6,,0,,,0,0,,,Equity Short,,,,BD_BalanceSheet.Investment_Type_CarteraFI,,
47,,Liability,6,,0,,,0,0,1,,Fixed Income Short,,,,BD_BalanceSheet.Investment_Type_CarteraFI,,
48,,Liability,7,,0,,,0,,0,,,Net Receivables/Payables,,,BD_BalanceSheet.Investment_Type_Ficha_FI,,
49,,Liability,7,,0,,,0,0,0,,MTM (-),,,,BD_BalanceSheet.Investment_Type_CarteraFI,,
50,,,1,,,,,,,0,,,,Loan/ Fund,,BD_FX_Exposure_MLDL.xlsx,,
51,,,1,,3,,,,,0,,,,Govt. Bond,,BD_FX_Exposure_MLDL.xlsx,,
52,,,1,0,1,,,,,0,,,,CLN,,BD_FX_Exposure_MLDL.xlsx,,
53,,,1,1,3,,,,,0,,,,Corp. Bond,,BD_FX_Exposure_MLDL.xlsx,,
54,,,1,1,4,,,,,0,,,,Corp. Bond,,BD_FX_Exposure_MLDL.xlsx,,
55,,,1,1,9,,,,,0,,,,Corp. Bond,,BD_FX_Exposure_MLDL.xlsx,,
56,,,1,1,10,,,,,0,,,,Corp. Bond,,BD_FX_Exposure_MLDL.xlsx,,
57,,,2,0,0,,,,,0,,,,Equity (L-Sh),,BD_FX_Exposure_MLDL.xlsx,,
58,,,3,0,0,,,,,0,,,,Cash & Eq.,,BD_FX_Exposure_MLDL.xlsx,,
59,,,4,0,0,,,,,0,,,,Cash & Eq.,,BD_FX_Exposure_MLDL.xlsx,,
60,,,5,0,0,,,,,0,,,,Bank Debt,,BD_FX_Exposure_MLDL.xlsx,,
61,,,6,0,0,,,,,,,,,Loan/ Fund,,BD_FX_Exposure_MLDL.xlsx,,
62,,,6,0,0,,,,,7,,,,Cash & Eq.,,BD_FX_Exposure_MLDL.xlsx,,
63,,,7,0,0,,,,,0,,,,Hedges,,BD_FX_Exposure_MLDL.xlsx,,
64,20,Asset,1,1,4,,2,0,0,0,,"Cash, Mutual Funds & Others",,,,BD_BalanceSheet.Investment_Type_CarteraFI_MRCLP,,
65,20,Asset,1,2,4,2,2,0,0,0,,"Cash, Mutual Funds & Others",,,,BD_BalanceSheet.Investment_Type_CarteraFI_MRCLP,,
66,20,Asset,1,2,8,,2,0,0,0,,"Cash, Mutual Funds & Others",,,,BD_BalanceSheet.Investment_Type_CarteraFI_MRCLP,,
67,20,,1,,,,,,0,0,,,,Private Credit,,BD_FX_Exposure_MRCLP.xlsx,,
68,20,,1,,3,,,,0,0,0,,,Offshore Bonds,,BD_FX_Exposure_MRCLP.xlsx,,
69,20,,1,,3,,,,0,0,1,,,Chilean Bonds,,BD_FX_Exposure_MRCLP.xlsx,,
70,20,,1,,4,,,,0,0,,,,Dep.,,BD_FX_Exposure_MRCLP.xlsx,,
71,20,,2,,0,,,,0,0,,,,Equity,,BD_FX_Exposure_MRCLP.xlsx,,
72,20,,3,,0,,,,0,0,,,,Cash & Eq.,,BD_FX_Exposure_MRCLP.xlsx,,
73,20,,4,,0,,,,0,0,,,,Cash & Eq.,,BD_FX_Exposure_MRCLP.xlsx,,
74,20,,5,,0,,,,,0,,,,Bank Debt,,BD_FX_Exposure_MRCLP.xlsx,,
75,20,,5,,0,,,,1,0,,,,Repo,,BD_FX_Exposure_MRCLP.xlsx,,
76,20,,6,,0,,,,0,,,,,Equity,,BD_FX_Exposure_MRCLP.xlsx,,
77,20,,6,,0,,,,0,1,,,,Private Credit,,BD_FX_Exposure_MRCLP.xlsx,,
78,20,,6,,0,,,,0,7,,,,Cash & Eq.,,BD_FX_Exposure_MRCLP.xlsx,,
79,20,,7,,0,,,,0,0,,,,Hedges,,BD_FX_Exposure_MRCLP.xlsx,,
